Index_Type,Avg_Reads,Avg_Time_ms,Avg_Results,Samples
Sequential,15.666666666666666,0.125885009765625,0.6666666666666666,3
ISAM,3.0,0.14249483744303384,0.6666666666666666,3
B+Tree Clustered,3.0,0.23667017618815103,0.6666666666666666,3
