Index_Type,Avg_Reads,Avg_Time_ms,Avg_Results,Samples
Sequential,12638.2,107.36132621765137,12617.8,5
ISAM,1198.0,242.19346046447754,12617.8,5
B+Tree Clustered,378.2,66.47968292236328,12617.8,5
