Index_Type,Records,Total_Reads,Total_Writes,Time_ms
Sequential,9995,4040074,3838573,32655.97128868103
ISAM,9995,60938,10972,3603.0452251434326
B+Tree Clustered,9995,29279,12259,4189.754962921143
