Index_Type,Records,Total_Reads,Total_Writes,Time_ms
Sequential,9995,4040074,3838573,212885.7614994049
ISAM,9995,60938,10972,168529.5147895813
B+Tree Clustered,9995,29279,12259,184940.50312042236
