Index_Type,Avg_Reads,Avg_Time_ms,Avg_Results,Samples
Sequential,2619.6666666666665,11.595805486043295,2599.0,3
ISAM,208.66666666666666,17.50500996907552,2599.0,3
B+Tree Clustered,80.0,15.910148620605469,2599.0,3
