Index_Type,Records,Total_Reads,Total_Writes,Time_ms
Sequential,40962,56571441,55617643,951162.7464294434
ISAM,40962,250025,44946,671490.2672767639
B+Tree Clustered,40962,125795,50638,806449.8550891876
