Configuration,Avg_Reads,Avg_Time_ms,Avg_Results,Samples
No Secondary Index,302.0,44.25006442599826,1.1111111111111112,9
Hash Secondary Index,4.888888888888889,0.3648598988850911,0.6666666666666666,9
B+Tree Unclustered Secondary Index,7.333333333333333,1.2659231821695964,1.1111111111111112,9
