Index_Type,Avg_Reads,Avg_Time_ms,Avg_Results,Samples
Sequential,15.666666666666666,5.847930908203125,0.6666666666666666,3
ISAM,3.0,0.19542376200358072,0.6666666666666666,3
B+Tree Clustered,3.0,0.43328603108723956,0.6666666666666666,3
