Configuration,Avg_Reads,Avg_Time_ms,Avg_Results,Samples
No Secondary Index,302.0,56.607140435112846,1.1111111111111112,9
Hash Secondary Index,4.888888888888889,0.2509752909342448,0.6666666666666666,9
B+Tree Unclustered Secondary Index,7.333333333333333,0.5293952094184028,1.1111111111111112,9
